id,question,answer,label (answer / absent)
0,When does the initial term of this contract expire?,The document does not state when the initial term of this contract expires.,absent
1,Which state's or country's law governs this contract?,The law of England governs this contract.,answer
2,What happens under this contract if a party is acquired or undergoes a change of control?,"If a party is acquired or undergoes a change of control, Channel Partner may appoint an Affiliate to perform resale services hereunder with written consent of iPass and in accordance with any iPass mandated contractual commitments and contractual documents.",answer
3,Does this contract provide for liquidated damages or a termination fee?,"- The contract includes liquidated damages: ""6.4.4 Opening the Hotel before the Opening Date is a material breach of this Agreement.""
  - Liquidated Damages for damage to our Marks: ""Liquidated Damages represent a reasonable estimate of the minimum just and fair compensation for the damages we will suffer as the result of your failure to operate the Hotel for the Term.""",answer
4,Can a party terminate this contract without cause?,"-Yes, Licensee may terminate this Agreement for convenience upon eighteen (18) months' advance written notice to Bioeq; provided, however, that any such termination for convenience shall not become effective prior to twelve (12) months after the First Commercial Sale of the first Licensed Product.",answer
5,Can a party terminate this contract without cause?,"No, a party cannot terminate this contract without cause. 

- Section 7.2 Termination states that this Agreement or any Project Plan may be terminated by either party if the other party materially breaches a provision of this Agreement or a Project Plan, and fails to cure such breach within [***] following receipt of written notification of such breach from the non-breaching Party.
- Section 7.2(a) states that Magenta may terminate this Agreement for any reason upon [***] written notice to Bachem.
- Section 7.2(c) states that either party may terminate this Agreement immediately if the other party becomes insolvent, is dissolved or liquidated, makes a general assignment for the benefit of its creditors, or files or has filed against it, a petition in bankruptcy that is a merger, consolidation, sale of assets that include those related to this Agreement, an assignment of this Agreement or loan financing, raising of capital, or sale of securities; provided, however, that the disclosing Party obtains an agreement for confidential treatment thereof with a limitation on use solely for consideration of the relevant transaction.",absent
6,Can a party terminate this contract without cause?,Termination for cause or for any reason shall not affect either party's rights or obligations arising prior to the effective date of such termination.,answer
7,How long is the warranty period?,The warranty period is 90 days from the date of delivery.,answer
8,Does this contract restrict either party from competing with the other?,"Yes, the contract restricts either party from competing with the other. Talent is prohibited from endorsing or making any appearances or advertisements on behalf of any other product which is directly competitive to ESSI's products.",answer
9,Does this contract provide for liquidated damages or a termination fee?,"-51- Source: UPJOHN INC, 10-12G, 1/21/2020

**Liquidated Damages:**
Yes, the contract provides for liquidated damages. Specifically, if Customer cannot continue to distribute, use, market, or sell a Product supplied under this Agreement without violating any then-current Laws, it can terminate the Agreement on a Product-by-Product basis immediately upon written notice.

**Termination Fee:**
No specific termination fee is mentioned in the provided document sections. The contract outlines termination provisions but does not specify an amount that would be paid by Manufacturer should Customer choose to terminate the agreement due to non-payment of future prices or other specified events (e.g., bankruptcy).",answer
10,Does this contract restrict either party from competing with the other?,": No, the contract does not restrict either party from competing with the other.",absent
11,Does either party have the right to audit the other's books or records?,"PivX shall have the right, at reasonable times and on reasonable notice, to inspect and audit the books and records of Detto.",answer
12,Is either party required to deal exclusively with the other?,"- Yes, no marketing exclusivity in any category or with respect to any competitors of Sponsor is conferred or implied by this Agreement except to the extent explicitly set forth in the Agreement Summary.",answer
13,Is there a cap on liability under this contract?,"No, there is no cap on liability under this contract.",absent
14,What insurance does a party have to maintain under this contract?,"Each Party shall obtain and maintain commercial general liability insurance, including product liability insurance covering the obligations of that Party under this Agreement through the Term and for a period of [***] thereafter, which insurance shall afford limits of not less than (i) $[***] for each occurrence; and (ii) $[***] in the aggregate per annum.",answer
15,"Does this contract renew after its initial term, and for how long?",The document does not state whether this contract renews after its initial term or for how long.,absent
16,What is the date of this agreement?,"The date of this agreement is **November 16, 2024**.",answer
17,Is there a cap on liability under this contract?,The provided document sections do not mention a cap on liability under this contract.,absent
18,How long is the warranty period?,- 90 days,answer
19,Can a party terminate this contract without cause?,"- Yes, Parent may terminate this Agreement prior to the Effective Time at its sole and absolute discretion. After the Effective Time, termination can only occur with an agreement in writing signed by a duly authorized officer of each Party.",answer
20,What happens under this contract if a party is acquired or undergoes a change of control?,The document does not specify what happens under this contract if a party is acquired or undergoes a change of control.,absent
21,What insurance does a party have to maintain under this contract?,"- Maintenance of general liability insurance is required under this contract, with the specific conditions being that it should be maintained in amounts reasonable and customary in the pharmaceutical industry. The minimum coverage for each occurrence is five million dollars ($5,000,000) and the aggregate limit of liability per year shall not be less than ten million dollars ($10,000,000). This obligation applies from the first commercial sale of any Product(s) or after the Effective Date through the date which is five (5) years after the final sale of such Product(s), provided proof of such insurance must be provided upon request by either party.",answer
22,Does this contract provide for liquidated damages or a termination fee?,The contract provides for a **termination fee**.,answer
23,How much notice is needed to stop this contract from renewing?,Six months prior to the expiration of the current term.,answer
24,Can a party terminate this contract without cause?,"No, a party cannot terminate this contract without cause. Either party may terminate this Agreement prior to its expiration upon the occurrence of either of the following: 

(i) the other Party becomes insolvent, or institutes (or there is instituted against it) proceedings in bankruptcy, insolvency, reorganization or dissolution, makes an assignment for the benefit of creditors or becomes nationalized or has any of its material assets confiscated or expropriated; or 

(ii) the other Party (in this case, the ""breaching Party"") fails to perform any of its obligations hereunder and fails to correct such failure within Ninety (90) calendar days after receiving written demand therefore from the non-breaching Party, specifying the failure in sufficient detail for the breaching Party to correct such failure; provided, however, that upon a second breach of the same obligation by such Party, the other Party may forthwith terminate this Agreement upon notice to the breaching Party.",absent
25,How long is the warranty period?,The document does not mention a warranty period.,absent
26,What is the date of this agreement?,"The Agreement is effective as from the 1st day of January, 2009.",answer
27,How long is the warranty period?,The warranty period is three years.,answer
28,How long is the warranty period?,- 5 years beyond the expiration date of the Product or for such longer period as may be required by applicable law.,answer
29,Which state's or country's law governs this contract?,: United States and the State of Florida.,answer
30,What is the date of this agreement?,The date of this agreement is not specified in the document.,absent
31,What is the date of this agreement?,"March ___, 1999",answer
32,What is the date of this agreement?,"June 21, 1999",answer
33,How much notice is needed to stop this contract from renewing?,Either Party may terminate this Agreement without cause upon written notice to the other Party of at least 3 months following the Initial Term.,answer
34,What is the date of this agreement?,The document does not state the date of this agreement.,absent
35,Does this contract restrict either party from competing with the other?,*-No*,absent
36,Is either party required to deal exclusively with the other?,"Consultant will not, directly or indirectly (whether for compensation or without compensation) engage in or provide consulting services, or enter into any agreement either written or oral, that would present a material conflict with any of the provisions of this Agreement, or would preclude Consultant from complying with the terms and conditions hereof.",answer
37,Can a party terminate this contract without cause?,- No,absent
38,"Does this contract renew after its initial term, and for how long?","Yes, the contract will automatically renew for successive additional periods of one (1) year each.",answer
39,Which state's or country's law governs this contract?,The document states that the contract is governed by the laws of the state of California.,answer
40,Does either party have the right to audit the other's books or records?,- No.,absent
41,How much notice is needed to stop this contract from renewing?,[A notice of termination must be given thirty (30) days before the end of such initial term or such Renewal Period. - Page 17],answer
42,Does this contract restrict either party from competing with the other?,- No.,absent
43,Does this contract provide for liquidated damages or a termination fee?,"No, the contract does not provide for liquidated damages or a termination fee.",absent
44,When does the initial term of this contract expire?,"This Agreement shall continue in operation for at least a period of twenty-five (25) years after the RFCS Date (hereinafter called the ""Initial Period"") and shall be terminable thereafter by agreement of the Parties.",answer
45,How much notice is needed to stop this contract from renewing?,Ten (10) days' notice is needed to stop this contract from renewing.,answer
46,Is there a cap on liability under this contract?,"Yes, the contract states that the sum of $10.00 paid by each party to the other is the maximum amount of liability for any breach of the agreement.",answer
47,Does this contract provide for liquidated damages or a termination fee?,No.,absent
48,How much notice is needed to stop this contract from renewing?,Notice of intention not to renew must be given not less than fifteen (15) days before the end of the respective initial or renewal term.,answer
49,Is either party required to deal exclusively with the other?,"No, the document states that the parties are not required to deal exclusively with each other.",absent
50,Can a party terminate this contract without cause?,] No,absent
51,What insurance does a party have to maintain under this contract?,"[VNE will maintain procedures and systems designed to ensure that Problem Reports and Support Requests submitted by Converge are properly logged and tracked. In addition, VNE will provide to Converge a weekly status log of Problem Reports and Support Requests currently being tracked.]",answer
52,What is the date of this agreement?,The date of this agreement is **June 2006**.,answer
53,Is either party required to deal exclusively with the other?,- No.,absent
54,What is the date of this agreement?,"The Effective Date of this Sponsorship Agreement is June 30, 1996.",answer
55,Does either party have the right to audit the other's books or records?,"Yes, each Party shall have the right, during normal business hours and upon reasonable notice, to inspect all such records of the other Party, its Affiliates or Permitted Subcontractors.",answer
56,Does either party have the right to audit the other's books or records?,"Purchaser shall not be liable for any claims against Merchant except as expressly provided for in this Agreement. Each recipient of a Creditor Notice shall have twenty days to file with the Bankruptcy Court and serve upon Sale (including, but not limited to Merchandise, GOB Sale Proceeds, and Expenses) to review and audit such records.",answer
57,Can a party terminate this contract without cause?,Either Party may terminate this Agreement or all/part of a Project for any reason and at any time upon giving the other Party sixty (60) days prior written notice.,answer
58,What is the date of this agreement?,The date of this agreement is **2/28/2020**.,answer
59,Is there a cap on liability under this contract?,: Yes.,answer
60,What insurance does a party have to maintain under this contract?,"The repairer must maintain:

* Aviation Products Liability insurance
* Hangar Keeper Liability insurance

Both must be maintained at an amount of not less than $100,000 per occurrence and in the annual aggregate.",answer
61,What insurance does a party have to maintain under this contract?,"SEV must maintain employer's liability insurance for the minimum amount of £5 million to cover injury (including death) relating to the provision of the Maintenance Services to DCL; and comprehensive general liability insurance, including professional indemnity, public liability and product liability insurance, for the minimum amount of £5 million to cover injury (including death), loss and damage relating to the provision of the Maintenance Services to DCL.",answer
62,What insurance does a party have to maintain under this contract?,The document does not state what insurance a party has to maintain under this contract.,absent
63,"Does this contract renew after its initial term, and for how long?","Yes, this Agreement shall automatically renew for successive one-year periods, unless the Company provides 90 days' notice of termination before any such successive period.",answer
64,Does this contract restrict either party from competing with the other?,- No.,absent
65,Does either party have the right to audit the other's books or records?,"No, the document does not mention any right to audit the other party's books or records.",absent
66,Is either party required to deal exclusively with the other?,SHPS is appointed as the exclusive provider of Care Management Services to the Clients.,answer
67,Does either party have the right to audit the other's books or records?,"No, the document does not mention any right to audit the other party's books or records.",absent
68,Is either party required to deal exclusively with the other?,"- Yes, Party A irrevocably undertakes that Party B shall be its exclusive and sole partner for the business consultancy and technical services as well as technical consultancy to Party A and its subsidiaries.",answer
69,"Does this contract renew after its initial term, and for how long?","Yes, the contract renews after its initial term. The initial term lasts for five years, and the contract may be extended on mutual agreement of the parties.",answer
70,When does the initial term of this contract expire?,"The initial term of this contract expires on September 20, 2020.",answer
71,What insurance does a party have to maintain under this contract?,"Licensee is responsible for paying all taxes, customs, duties, insurance, shipping, and other charges.",answer
72,Does this contract restrict either party from competing with the other?,- No.,absent
73,How long is the warranty period?,"The performance warranty lasts for a period of one (1) year from the date of delivery of each Product to the Reseller, except for those components that have a shorter expiration date as set forth on Exhibit A.",answer
74,"Does this contract renew after its initial term, and for how long?","This Agreement will automatically renew for one or more annual periods after the Initial Term, which is seven (7) years (""Initial Term""), unless either party gives notice of non-renewal at least one hundred eighty (180) days prior to the beginning of any Renewal Term.",answer
75,Can a party terminate this contract without cause?,"No, a party cannot terminate this contract without cause.",absent
76,What happens under this contract if a party is acquired or undergoes a change of control?,"IntriCon may not assign or transfer any of its rights or obligations under this Agreement without the prior written consent of Dynamic Hearing. Likewise, Dynamic Hearing may not assign or transfer any of its rights or obligations under this Agreement without the prior written consent of IntriCon.",answer
77,Is either party required to deal exclusively with the other?,"*Yes, Licensor and Licensee do hereby agree that this Amendment shall effect a change in the nature of the distributorship granted to Licensee pursuant to the Distributor Agreement from a non-exclusive to an exclusive distributorship.",answer
78,Does this contract provide for liquidated damages or a termination fee?,The contract provides for a termination payment equal to the annual Consulting Fee under specific circumstances.,answer
79,Does this contract provide for liquidated damages or a termination fee?,The contract provides for liquidated damages.,answer
80,Is either party required to deal exclusively with the other?,No.,absent
81,Is there a cap on liability under this contract?,"-Yes, under the contract, TouchStar is not liable for any direct, indirect, special, consequential, or punitive loss or damage arising from its representation or implied warranty. The sole obligation of TouchStar in this case is that the services provided by Reseller are competitive with or capable of being substituted for the TouchStar Software, or if there's a sale, conveyance, transfer, or other disposition resulting in a 50% change in voting power, then the liability caps at $1 million.",answer
82,"Does this contract renew after its initial term, and for how long?","The Agreement may be renewed upon mutual, written agreement of the parties.",answer
83,What is the date of this agreement?,"The effective date of this agreement is February 10, 2012.",answer
84,Can a party terminate this contract without cause?,The provided document sections do not state whether a party can terminate this contract without cause.,absent
85,What insurance does a party have to maintain under this contract?,"Converge acknowledges and agrees that Vert has no obligation to deliver Source Code for any Maintenance Update, or to grant Converge any license to use the Source Code form of any Maintenance Update.",answer
86,What is the date of this agreement?,- 5,answer
87,How much notice is needed to stop this contract from renewing?,You must give written notice of the election not to renew the franchise at least three months prior to the expiration of the initial or first renewal term of this Agreement.,answer
88,Is there a cap on liability under this contract?,"Yes, there is a cap on liability under this contract. Neither party shall be liable to the other for any incidental, consequential, special, or punitive damages arising out of this agreement (including, but not limited to, loss of profits), whether in an action or arising out of breach of contract, tort, or any other cause of action, except for the above indemnification obligations and for breaches of section 14.",answer
89,How long is the warranty period?,Google warrants that the Distribution Products will for a period of [ * ] from the date of their supply to Distributor be free from any defect which has a materially adverse effect on their use or operation.,answer
90,Is there a cap on liability under this contract?,-No.,absent
91,What happens under this contract if a party is acquired or undergoes a change of control?,The provisions of this Article (paragraphs 1 through 6 preceding) shall survive the termination or expiration of this LICENSEE's Customer Agreement.,answer
92,"Does this contract renew after its initial term, and for how long?","- After March 1, 2020",answer
93,What insurance does a party have to maintain under this contract?,"In connection with any construction, renovation, refurbishment, or remodeling of the Premises, you must cause the general contractor to maintain commercial general liability insurance with comprehensive automobile liability coverage for both owned and non-owned vehicles, builder's risk, product liability, and independent contractors coverage with a reputable insurer in the amount of at least $1,000,000 and must name the lessor and you as an additional named insured party. You must also cause the general contractor to maintain workers' compensation and employer's liability insurance as may be required by law.",answer
94,When does the initial term of this contract expire?,- 4 years,answer
95,"Does this contract renew after its initial term, and for how long?","Yes, the contract renews automatically for one or more annual periods after the initial term, unless either party gives notice of non-renewal at least 180 days prior to the beginning of any renewal term.",answer
96,How much notice is needed to stop this contract from renewing?,: sixty (60) days,answer
97,"Does this contract renew after its initial term, and for how long?","Yes, the contract automatically renews for successive terms of the same duration, unless either party gives written notice to the other of their desire not to renew not less than ninety days prior to the date of the expiration of the initial term or any successive term thereafter.",answer
98,Which state's or country's law governs this contract?,"The law of the State of Delaware, United States, governs this contract.",answer
99,Can a party terminate this contract without cause?,- No.,absent
100,Which state's or country's law governs this contract?,It is not provided in the given sections.,absent
101,Is either party required to deal exclusively with the other?,- No.,absent
102,"Does this contract renew after its initial term, and for how long?","Yes, the contract renews automatically for successive one-year periods, unless written notice of non-renewal is received no later than six months prior to the expiration of the then current term.",answer
103,Is either party required to deal exclusively with the other?,"neither party will originate any publicity, news release or other public announcement, written or oral, concerning the relationship between the parties or the transactions described in this Agreement without the prior written consent of the other party, which consent shall not be unreasonably withheld or delayed.",answer
104,What happens under this contract if a party is acquired or undergoes a change of control?,"If a party is acquired or undergoes a change of control, the Indemnitor will immediately assume the full control of the defense or settlement of the claim or allegation, including the selection and employment of counsel, and shall pay all authorized costs and expenses of such defense.",answer
105,What happens under this contract if a party is acquired or undergoes a change of control?,"] The contract states that if an SMBC Unit-Holder is acquired or undergoes a change of control, the obligations and rights under this Agreement will continue to apply to them.",answer
106,Is either party required to deal exclusively with the other?,No.,absent
107,Is there a cap on liability under this contract?,"Yes, the liability of PivX and its licensees is limited to the total amount actually received by PivX during the previous six months.",answer
108,Is there a cap on liability under this contract?,- Yes.,answer
109,What insurance does a party have to maintain under this contract?,- Oak Ridge Responsibilities: 6.1 Product liability and warranty insurance. Leclanché Responsibilities: 7.2 Work with Oak Ridge to provide the information necessary to secure product liability and warranty insurance cover.,answer
110,Does this contract provide for liquidated damages or a termination fee?,"No, this contract does not provide for liquidated damages or a termination fee.",absent
111,Does this contract provide for liquidated damages or a termination fee?,"No, the contract does not provide for liquidated damages or a termination fee.",absent
112,"Does this contract renew after its initial term, and for how long?","Yes, the contract renews automatically for successive one-year periods until terminated pursuant to Section 12 or unless either party delivers to the other written notice of intent not to renew no later than thirty (30) days prior to the end of the year.",answer
113,What insurance does a party have to maintain under this contract?,Each party must maintain liability insurance with reputable and financially secure insurance carriers at levels consistent with industry standards based upon such party's respective activities and indemnification obligations under this Agreement.,answer
114,How long is the warranty period?,The warranty period for Qwik-Fix Pro is thirty (30) days following delivery to Detto.,answer
115,How much notice is needed to stop this contract from renewing?,"No later than [* * *] days prior to the end of the Initial Term, or any Renewal Term either party notifies the other that it wishes to terminate this Agreement effective the end of the Initial Term or that Renewal Term, as applicable.",answer
116,Is there a cap on liability under this contract?,"Neither party shall be liable for any special, consequential or incidental damages.",answer
117,Can a party terminate this contract without cause?,- No,absent
118,Which state's or country's law governs this contract?,"The laws of the State of New York govern this Agreement, except to the extent governed by the United States Trademark Act of 1946 (Lanham Act; 15 U.S.C. lj 1050 et seq.), as amended.",answer
119,What is the date of this agreement?,The date of this agreement is 26th March 2019.,answer
